<?xml version="1.0"?>
<doc>
    <assembly>
        <name>DeAudioEditor</name>
    </assembly>
    <members>
        <member name="M:DG.DeAudioEditor.DeAudioEditorUtils.CheckForDuplicateAudioGroupIds(DG.DeAudio.DeAudioGroup[],System.Collections.Generic.List{DG.DeAudio.DeAudioGroupId})">
            <summary>
            Check if there are duplicate DeAudioGroupIds in the DeAudioGroups added to DeAudioManager
            </summary>
            <returns></returns>
        </member>
    </members>
</doc>
