<?xml version="1.0"?>
<doc>
    <assembly>
        <name>DemiLib</name>
    </assembly>
    <members>
        <member name="F:DG.DemiLib.Core.GUIUtils.isProSkin">
            <summary>
            Set when calling <code>DeGUI.BeginGUI</code>
            </summary>
        </member>
        <member name="T:DG.DemiLib.DeColorPalette">
            <summary>
            Stores a color palette, which can be passed to default DeGUI layouts when calling <code>DeGUI.BeginGUI</code>,
            and changed at any time by calling <code>DeGUI.ChangePalette</code>.
            You can inherit from this class to create custom color palettes with more hColor options.
            </summary>
        </member>
        <member name="T:DG.DemiLib.DeColorBG">
            <summary>
            Background colors
            </summary>
        </member>
        <member name="T:DG.DemiLib.DeColorContent">
            <summary>
            Content colors
            </summary>
        </member>
        <member name="T:DG.DemiLib.DeSkinColor">
            <summary>
            Contains both free and pro skins color variations,
            and automatically returns the correct one when converted to Color
            </summary>
        </member>
        <member name="T:DG.DemiLib.External.DeHierarchyComponent">
            <summary>
            Used by DeHierarchy
            </summary>
        </member>
        <member name="M:DG.DemiLib.External.DeHierarchyComponent.RemoveMissingItems">
            <summary>
            Removes all items whose gameObject is NULL.
            Returns TRUE if something was removed.
            </summary>
        </member>
        <member name="M:DG.DemiLib.External.DeHierarchyComponent.StoreItemData(UnityEngine.GameObject,DG.DemiLib.External.DeHierarchyComponent.HColor)">
            <summary>
            If the item exists sets it, otherwise first creates it and then sets it
            </summary>
        </member>
        <member name="M:DG.DemiLib.External.DeHierarchyComponent.RemoveItemData(UnityEngine.GameObject)">
            <summary>
            Returns TRUE if the item existed and was removed.
            </summary>
        </member>
        <member name="M:DG.DemiLib.External.DeHierarchyComponent.GetItem(UnityEngine.GameObject)">
            <summary>
            Returns the customizedItem for the given gameObject, or NULL if none was found
            </summary>
        </member>
    </members>
</doc>
