<?xml version="1.0"?>
<doc>
    <assembly>
        <name>DeEditorTools</name>
    </assembly>
    <members>
        <member name="M:DG.DeEditorTools.DeEditorToolsUtils.FindAllComponentsOfType``1(System.Boolean)">
            <summary>
            Returns all components of type T in the currently open scene/s, or NULL if none could be found.<para/>
            This is a more efficient version of <code>DeEditorUtils.FindAllComponentsOfType</code>.
            </summary>
            <param name="activeSceneOnly">If TRUE only finds them in the active scene, otherwise in all loaded scenes</param>
        </member>
        <member name="M:DG.DeEditorTools.DeEditorToolsUtils.FindFirstComponentOfType``1(System.Boolean)">
            <summary>
            Returns the first of type T in the currently open scene/s, or NULL if none could be found.<para/>
            </summary>
            <param name="activeSceneOnly">If TRUE only finds it in the active scene, otherwise in all loaded scenes</param>
        </member>
        <member name="M:DG.DeEditorTools.DeEditorToolsUtils.CaptureGameViewScreenshot(System.Int32,System.Int32,UnityEngine.Camera,System.Boolean)">
            <summary>
            Captures a screenshot of the gameView from the given camera, and returns it as a Texture2D object
            </summary>
            <param name="width">Width</param>
            <param name="height">Height</param>
            <param name="cam">If NULL uses the main camera</param>
            <param name="alpha">If TRUE uses transparency</param>
        </member>
        <member name="T:DG.DeEditorTools.Hierarchy.DeHierarchy">
            <summary>
            Relies on <see cref="T:DG.DemiLib.External.DeHierarchyComponent"/> in Core library.
            </summary>
        </member>
        <member name="T:DG.DeEditorTools.Project.DeProject">
            <summary>
            Customizes Project panel
            </summary>
        </member>
        <member name="T:DG.DeEditorTools.Project.DeProjectData">
            <summary>
            Stored in main Assets folder
            </summary>
        </member>
        <member name="M:DG.DeEditorTools.Project.DeProjectData.StoreItem(System.String)">
            <summary>
            If the item exists returns it, otherwise first creates it and then returns it
            </summary>
        </member>
        <member name="M:DG.DeEditorTools.Project.DeProjectData.StoreItemColor(System.String,DG.DeEditorTools.Project.DeProjectData.HColor)">
            <summary>
            If the item exists sets it, otherwise first creates it and then sets it
            </summary>
        </member>
        <member name="M:DG.DeEditorTools.Project.DeProjectData.StoreItemIcon(System.String,DG.DeEditorTools.Project.DeProjectData.IcoType)">
            <summary>
            If the item exists sets it, otherwise first creates it and then sets it
            </summary>
        </member>
        <member name="M:DG.DeEditorTools.Project.DeProjectData.RemoveItemData(System.String)">
            <summary>
            Returns TRUE if the item existed and was removed.
            </summary>
        </member>
        <member name="M:DG.DeEditorTools.Project.DeProjectData.GetItem(System.String)">
            <summary>
            Returns the customizedItem for the given gameObject, or NULL if none was found
            </summary>
        </member>
        <member name="T:DG.DeEditorTools.Scene.DeScene">
            <summary>
            Adds extra features to the Scene panel (like right-click).
            </summary>
        </member>
    </members>
</doc>
