<?xml version="1.0"?>
<doc>
    <assembly>
        <name>Debugging</name>
    </assembly>
    <members>
        <member name="T:DG.Debugging.Verbosity">
            <summary>Verbosity</summary>
        </member>
        <member name="F:DG.Debugging.Verbosity.Normal">
            <summary>Log everything except logs marked as verbose</summary>
        </member>
        <member name="F:DG.Debugging.Verbosity.Errors">
            <summary>Log only errors</summary>
        </member>
        <member name="F:DG.Debugging.Verbosity.ErrorsAndWarnings">
            <summary>Log only errors and warnings</summary>
        </member>
        <member name="F:DG.Debugging.Verbosity.Verbose">
            <summary>Log everything, verbose logs included</summary>
        </member>
        <member name="T:DG.Debugging.Delogger">
            <summary>
            Logs messages using the given options
            </summary>
        </member>
        <member name="F:DG.Debugging.Delogger.verbosity">
            <summary>Sets the verbosity value, which indicates the type of messages that will be logged</summary>
        </member>
        <member name="F:DG.Debugging.Delogger.enabled">
            <summary>If FALSE doesn't log anything</summary>
        </member>
        <member name="M:DG.Debugging.Delogger.Log(System.Object,System.Boolean,System.String)">
            <summary>
            Logs the given message with the given options
            </summary>
        </member>
        <member name="M:DG.Debugging.Delogger.LogWarning(System.Object)">
            <summary>
            Logs the given message with the given options
            </summary>
        </member>
        <member name="M:DG.Debugging.Delogger.LogError(System.Object)">
            <summary>
            Logs the given message with the given options
            </summary>
        </member>
    </members>
</doc>
