<?xml version="1.0"?>
<doc>
    <assembly>
        <name>DeExtensions</name>
    </assembly>
    <members>
        <member name="M:DG.DeExtensions.ColorExtensions.ToHex(UnityEngine.Color32)">
            <summary>
            Returns a HEX version of the given Unity Color, without the initial #
            </summary>
        </member>
        <member name="M:DG.DeExtensions.ColorExtensions.SetAlpha(UnityEngine.Color,System.Single)">
            <summary>
            Changes the alpha of this color and returns it
            </summary>
        </member>
        <member name="M:DG.DeExtensions.ComponentExtensions.GetOnlyComponentsInChildren``1(UnityEngine.MonoBehaviour,System.Boolean)">
            <summary>
            Returns ONLY the Components in the children, and ignores the parent.
            </summary>
            <param name="includeInactive">If TRUE also includes inactive children</param>
        </member>
        <member name="M:DG.DeExtensions.GameObjectExtensions.AwakeAndDeactivate(UnityEngine.GameObject)">
            <summary>
            Activates then immediately deactivates the target gameObject.
            Useful when wanting to call Awake before deactivating a gameObject.
            </summary>
            <param name="go"></param>
        </member>
        <member name="M:DG.DeExtensions.GameObjectExtensions.IsChildOfComponent``1(UnityEngine.GameObject)">
            <summary>Returns TRUE if the gameObject is a child of an object with the given Component</summary>
        </member>
        <member name="M:DG.DeExtensions.GameObjectExtensions.HasOrIsChildOfComponent``1(UnityEngine.GameObject)">
            <summary>Returns TRUE if the gameObject has or is a child of an object with the given Component</summary>
        </member>
        <member name="M:DG.DeExtensions.GameObjectExtensions.IsChildOfTag(UnityEngine.GameObject,System.String)">
            <summary>Returns TRUE if the gameObject is a child of the given tag</summary>
        </member>
        <member name="M:DG.DeExtensions.GameObjectExtensions.HasOrIsChildOfTag(UnityEngine.GameObject,System.String)">
            <summary>Returns TRUE if the gameObject has or is a child of the given tag</summary>
        </member>
        <member name="T:DG.DeExtensions.ListExtensions">
            <summary>
            List, IList, Array and Dictionary utils
            </summary>
        </member>
        <member name="M:DG.DeExtensions.ListExtensions.Shift``1(System.Collections.Generic.IList{``0},System.Int32,System.Int32)">
            <summary>
            Shifts an item from an index to another, without modifying the list except than by moving elements around
            </summary>
        </member>
        <member name="M:DG.DeExtensions.ListExtensions.Shuffle``1(System.Collections.Generic.IList{``0})">
            <summary>
            Shuffles the list
            </summary>
        </member>
        <member name="M:DG.DeExtensions.ListExtensions.AddAndReturnValue``2(System.Collections.Generic.Dictionary{``0,``1},``0,``1)">
            <summary>
            Adds a key/value pair to the dictionary and returns its value
            </summary>
        </member>
        <member name="M:DG.DeExtensions.NumberExtensions.IsWithinRange(System.Int32,System.Int32,System.Int32,System.Boolean)">
            <summary>Returns TRUE if the int is within the given range.</summary>
            <param name="min">Min</param>
            <param name="max">Max</param>
            <param name="inclusive">If TRUE min/max range values will be valid, otherwise not</param>
            <returns></returns>
        </member>
        <member name="M:DG.DeExtensions.RectExtensions.Add(UnityEngine.Rect,UnityEngine.Rect)">
            <summary>
            Adds one rect into another, and returns the resulting a
            </summary>
        </member>
        <member name="M:DG.DeExtensions.RectExtensions.Fit(UnityEngine.Rect,System.Single,System.Single,System.Boolean)">
            <summary>
            Resizes the given Rect so it fits proportionally within the given size limits
            </summary>
            <param name="r">Rect target</param>
            <param name="w">Width to fit</param>
            <param name="h">Height to fit</param>
            <param name="shrinkOnly">If TRUE (default) only shrinks the rect if needed, if FALSE also enlarges it to fit</param>
            <returns></returns>
        </member>
        <member name="M:DG.DeExtensions.RectExtensions.Includes(UnityEngine.Rect,UnityEngine.Rect)">
            <summary>
            Returns TRUE if the first rect fully includes the second one
            </summary>
        </member>
        <member name="M:DG.DeExtensions.RectExtensions.Shift(UnityEngine.Rect,System.Single,System.Single,System.Single,System.Single)">
            <summary>
            Modifies and returns the given Rect, with its values shifted according the the given parameters
            </summary>
        </member>
        <member name="M:DG.DeExtensions.StringExtensions.IsNullOrEmpty(System.String,System.Boolean)">
            <summary>
            Returns TRUE if the string is null or empty
            </summary>
            <param name="trimSpaces">If TRUE (default) and the string contains only spaces, considers it empty</param>
        </member>
        <member name="M:DG.DeExtensions.StringExtensions.HexToColor(System.String)">
            <summary>
            Converts a HEX color to a Unity Color and returns it
            </summary>
            <param name="hex">The HEX color (either with or without the initial #)</param>
        </member>
    </members>
</doc>
