<?xml version="1.0"?>
<doc>
    <assembly>
        <name>De2D</name>
    </assembly>
    <members>
        <member name="T:DG.De2D.De2DAutosorter">
            <summary>
            Automatically sorts all its SpriteRenderer children based on their position in the Hierarchy
            (like UI: top is behind, bottom is frontal).
            Only applies sorting in the editor
            </summary>
        </member>
        <member name="T:DG.De2D.De2DCamera">
            <summary>
            Sets up the 2D orthographic camera it's attached to
            </summary>
        </member>
        <member name="T:DG.De2D.DeRendererSortOrder">
            <summary>
            Allows to set the sortingOrder of Renderers, not just SpriteRenderers
            </summary>
        </member>
        <member name="T:DG.De2D.UI.DeUIMesh">
            <summary>
            Used to draw a custom mesh inside Unity's UI
            </summary>
        </member>
        <member name="M:DG.De2D.UI.DeUIMesh.Draw(UnityEngine.Vector2[],System.Int32[],UnityEngine.Vector2[],UnityEngine.Color)">
            <summary>
            Draws a mesh with the given data. Coordinates are Canvas-based.
            </summary>
        </member>
    </members>
</doc>
