<?xml version="1.0"?>
<doc>
    <assembly>
        <name>DeEditorTools</name>
    </assembly>
    <members>
        <member name="M:DG.DeEditorTools.DeEditorToolsUtils.FindAllComponentsOfType``1(System.Boolean)">
            <summary>
            Returns all components of type T in the currently open scene/s, or NULL if none could be found.<para/>
            This is a more efficient version of <code>DeEditorUtils.FindAllComponentsOfType</code>.
            </summary>
            <param name="activeSceneOnly">If TRUE only finds them in the active scene, otherwise in all loaded scenes</param>
        </member>
        <member name="M:DG.DeEditorTools.DeEditorToolsUtils.FindFirstComponentOfType``1(System.Boolean)">
            <summary>
            Returns the first of type T in the currently open scene/s, or NULL if none could be found.<para/>
            </summary>
            <param name="activeSceneOnly">If TRUE only finds it in the active scene, otherwise in all loaded scenes</param>
        </member>
        <member name="T:DG.DeEditorTools.Hierarchy.DeHierarchy">
            <summary>
            Relies on <see cref="T:DG.DemiLib.External.DeHierarchyComponent"/> in Core library.
            </summary>
        </member>
        <member name="T:DG.DeEditorTools.Scene.DeScene">
            <summary>
            Adds extra features to the Scene panel (like right-click).
            </summary>
        </member>
    </members>
</doc>
