<?xml version="1.0"?>
<doc>
    <assembly>
        <name>DeInspektorEditor</name>
    </assembly>
    <members>
        <member name="T:DG.DeInspektorEditor.AttributesManagers.DeListPropertyDrawer">
            <summary>
            Note: this propertyDrawer is called only if the list is expanded in the array and has at least one element, and is called for each list element
            </summary>
        </member>
        <member name="T:DG.DeInspektorEditor.AttributesManagers.DeMethodButtonEditor">
            <summary>
            Implemented by <see cref="T:DG.DeInspektorEditor.DeGlobalInspector"/>
            </summary>
        </member>
        <member name="T:DG.DeInspektorEditor.DeGlobalInspector">
            <summary>
            Used to draw special method attributes.
            If you need another generic inspector, inherit from this and override DoEnable, DoDisable and OnInspectorGUI.
            </summary>
        </member>
    </members>
</doc>
